Estimate,SE,pValue,CI_Lower,CI_Upper
0.117923182191254,0.0185892594578928,2.45356159036728e-10,0.0814795933526089,0.1543667710299
