rank,team,champion_probability_pct
1,France,28.189999999999998
2,Argentina,20.76
3,Spain,18.240000000000002
4,England,14.069999999999999
5,Morocco,6.859999999999999
6,Belgium,6.68
7,Norway,2.69
8,Switzerland,2.5100000000000002
9,Brazil,0.0
10,Canada,0.0
11,Colombia,0.0
12,Egypt,0.0
13,Mexico,0.0
14,Paraguay,0.0
15,Portugal,0.0
16,United States,0.0
